"question","answer"
"What are common symptoms of anxiety?","Common symptoms of anxiety include excessive worry, restlessness, difficulty concentrating, irritability, muscle tension, and sleep disturbances. These can vary in intensity and frequency."
"How can I manage stress effectively?","Effective stress management techniques include practicing mindfulness, regular exercise, maintaining a balanced diet, ensuring sufficient sleep, setting realistic goals, and engaging in hobbies or relaxation activities like deep breathing or meditation."
"What is depression and how is it diagnosed?","Depression is a mood disorder characterized by persistent sadness, loss of interest in activities, changes in appetite or sleep, fatigue, feelings of worthlessness, and suicidal thoughts. Diagnosis is typically made by a mental health professional based on a thorough evaluation of symptoms."
"Are there different types of therapy for mental health issues?","Yes, there are many types of therapy. Some common ones include Cognitive Behavioral Therapy (CBT), Dialectical Behavior Therapy (DBT), Psychodynamic Therapy, Family Therapy, and Group Therapy. The best type depends on the individual's needs and condition."
"How can I support a friend who is struggling with their mental health?","To support a friend, listen without judgment, offer practical help (like helping with errands), encourage them to seek professional help, and remind them that you care. Avoid giving unsolicited advice or minimizing their feelings."
"What role does exercise play in mental well-being?","Exercise is crucial for mental well-being as it releases endorphins, reduces stress hormones, improves sleep, and can boost self-esteem. Regular physical activity can significantly alleviate symptoms of depression and anxiety."
"When should I seek professional help for mental health concerns?","It's advisable to seek professional help when your mental health symptoms begin to significantly interfere with your daily life, relationships, work, or school. If you feel overwhelmed, hopeless, or have thoughts of self-harm, seek help immediately."
"What are some coping mechanisms for panic attacks?","During a panic attack, focus on deep breathing, ground yourself by noticing five things you can see, four you can hear, three you can touch, two you can smell, and one you can taste. Remind yourself it will pass and you are safe."
"Can diet affect my mood and mental health?","Yes, diet can significantly affect your mood. A diet rich in whole foods, fruits, vegetables, lean proteins, and omega-3 fatty acids can support brain health and stable mood. Conversely, processed foods and high sugar intake can negatively impact mood."
"What is mindfulness and how can it help with anxiety?","Mindfulness is the practice of being present and fully engaged in the current moment without judgment. For anxiety, it helps by shifting focus away from anxious thoughts, reducing rumination, and increasing awareness of physical sensations and emotions."
"How do I talk to my family about my mental health struggles?","Choose a calm time to talk, express how you feel using ""I"" statements, educate them about your condition, and explain what kind of support you need. Be patient, as it might take time for them to understand."
"What are the signs of burnout, and how can I recover from it?","Burnout signs include chronic fatigue, cynicism, detachment, reduced performance, and feelings of ineffectiveness. Recovery involves setting boundaries, taking breaks, delegating tasks, practicing self-care, and potentially seeking therapy."
"Is there a difference between sadness and depression?","Yes, sadness is a normal human emotion, often a temporary response to loss or disappointment. Depression is a persistent mental illness with a broader range of symptoms that significantly impair daily functioning over an extended period."
"How can I improve my sleep for better mental health?","Improve sleep by maintaining a consistent sleep schedule, creating a relaxing bedtime routine, avoiding caffeine and screens before bed, ensuring your bedroom is dark and cool, and getting regular exercise."
"What are the benefits of journaling for mental health?","Journaling can help you process emotions, identify thought patterns, reduce stress, improve problem-solving skills, track progress in therapy, and gain clarity on your feelings and experiences."
"What is bipolar disorder, and what are its main symptoms?","Bipolar disorder is a mental health condition characterized by significant mood swings, including emotional highs (mania or hypomania) and lows (depression). Symptoms can include changes in energy, sleep, activity levels, and unusual thought patterns."
"How can I overcome feelings of loneliness and isolation?","Overcoming loneliness involves reaching out to friends and family, joining social groups or clubs, volunteering, pursuing hobbies that involve others, and being open to new connections. Therapy can also help address underlying issues."
"What are the early warning signs of a mental health crisis?","Early warning signs include severe mood swings, social withdrawal, drastic changes in behavior or personality, increased agitation, paranoia, hallucinations, and thoughts of harming oneself or others."
"How does therapy work, and what should I expect in a session?","Therapy provides a safe and confidential space to explore your thoughts, feelings, and behaviors with a trained professional. Sessions typically involve talking, setting goals, learning coping strategies, and gaining new perspectives."
"Can meditation help with anxiety and stress reduction?","Yes, meditation is highly effective for anxiety and stress reduction. Regular practice can calm the mind, reduce physiological arousal, improve emotional regulation, and increase overall well-being."
"What are ways to boost self-esteem and confidence?","To boost self-esteem, practice positive self-talk, set achievable goals, celebrate small victories, learn new skills, help others, and avoid comparing yourself to others."
"How can I manage anger in a healthy way?","Healthy anger management involves identifying triggers, practicing relaxation techniques (deep breathing, counting), expressing feelings assertively, and seeking therapy if anger becomes overwhelming or destructive."
"What is PTSD, and how is it treated?","PTSD (Post-Traumatic Stress Disorder) is a mental health condition triggered by experiencing or witnessing a terrifying event. Treatment often includes trauma-focused psychotherapy (like EMDR or Cognitive Processing Therapy) and sometimes medication."
"How can I maintain positive mental health in daily life?","Maintain positive mental health by practicing self-care, building strong relationships, engaging in meaningful activities, staying physically active, managing stress, and seeking help when needed."
"What is the difference between a psychiatrist and a psychologist?","A psychiatrist is a medical doctor who can prescribe medication and often focuses on biological aspects of mental illness. A psychologist typically has a doctoral degree in psychology and provides therapy, focusing on behavioral and emotional aspects."
"How can I cope with grief after losing a loved one?","Coping with grief involves allowing yourself to feel emotions, seeking support from friends or family, engaging in self-care, remembering your loved one, and considering grief counseling if needed."
"What are some common misconceptions about mental illness?","Common misconceptions include believing mental illness is a sign of weakness, that people can just ""snap out of it,"" or that it's always visible. Mental illnesses are complex medical conditions, not character flaws."
"How can I set healthy boundaries in relationships?","Set healthy boundaries by identifying your limits, communicating them clearly and assertively, being consistent in enforcing them, and understanding that it's okay to say no."
"What is generalized anxiety disorder (GAD)?","Symptoms of GAD include persistent and excessive worry about various things (health, work, relationships) for at least six months, accompanied by physical symptoms like restlessness, fatigue, muscle tension, and sleep disturbances."
"Can lifestyle changes improve mental health outcomes?","Absolutely. Lifestyle changes such as regular exercise, a balanced diet, adequate sleep, mindfulness practices, stress management techniques, and strong social connections can significantly improve mental health outcomes."
"What resources are available for urgent mental health support?","For urgent support, call a crisis hotline (like the National Suicide Prevention Lifeline), go to the nearest emergency room, or contact a local mental health crisis team."
"How does social media impact mental health?","Social media can have both positive and negative impacts. While it can foster connection, excessive use or exposure to idealized content can lead to feelings of inadequacy, anxiety, depression, and social comparison."
"What are cognitive distortions, and how can I challenge them?","Cognitive distortions are irrational or biased ways of thinking that negatively affect your emotions. Examples include black-and-white thinking, catastrophizing, and overgeneralization. Challenging them involves identifying them and actively seeking more balanced perspectives."
"How can I develop resilience in the face of adversity?","Develop resilience by building strong relationships, setting realistic goals, practicing self-care, maintaining a positive outlook, learning from experiences, and seeking support when challenged."
"What is self-harm, and what should I do if I know someone who self-harms?","Self-harm is intentionally causing injury to one's own body as a way to cope with intense emotional pain. If you know someone who self-harms, approach them with care, encourage them to seek professional help, and offer support without judgment."
"Are there natural remedies or supplements for mental health?","While some natural remedies and supplements (like Omega-3s, St. John's Wort) are researched for mental health, they should always be discussed with a healthcare professional as they can interact with medications or have side effects."
"How can I deal with intrusive thoughts?","Dealing with intrusive thoughts involves acknowledging them without judgment, understanding they are just thoughts, not commands, and redirecting your attention. CBT and ERP (Exposure and Response Prevention) therapies are often helpful."
"What is therapy for children, and how is it different from adult therapy?","Therapy for children often incorporates play, art, and storytelling to help them express feelings, as verbal communication might be limited. Therapists also often work closely with parents or guardians."
"How can I overcome procrastination related to anxiety or depression?","Overcoming procrastination often involves breaking tasks into smaller steps, setting realistic deadlines, rewarding yourself for progress, addressing underlying anxiety or low energy, and practicing self-compassion."
"What are signs of an eating disorder, and how can I help someone with one?","Signs include extreme weight fluctuations, obsession with food/body image, secretive eating, excessive exercise, and distorted body perception. Encourage them to seek professional help from a team specializing in eating disorders."
"How can I practice gratitude for better mental health?","Practice gratitude by keeping a gratitude journal, regularly listing things you're thankful for, expressing appreciation to others, and taking time to savor positive experiences."
"What is attention-deficit/hyperactivity disorder (ADHD) in adults?","ADHD in adults involves persistent patterns of inattention, hyperactivity, and impulsivity that interfere with functioning or development. Symptoms can include difficulty with focus, organization, time management, and restlessness."
"How do medications for mental health conditions work?","Mental health medications primarily work by adjusting the balance of neurotransmitters (chemical messengers) in the brain, which can help regulate mood, thought patterns, and behavior. They are often used in conjunction with therapy."
"What are some techniques for managing social anxiety?","Managing social anxiety involves gradually exposing yourself to social situations, challenging negative thoughts, practicing relaxation techniques, focusing on others, and practicing social skills."
"How can I support my own mental health during a global crisis or pandemic?","During a crisis, focus on what you can control, stay informed from reliable sources, limit news consumption, maintain routines, connect with loved ones, practice self-care, and seek professional help if needed."
"What is the role of spirituality or religion in mental health?","For many, spirituality or religion can provide a sense of purpose, community, hope, and coping mechanisms, contributing positively to mental well-being. It's a personal journey."
"How do I differentiate between normal stress and an anxiety disorder?","Normal stress is temporary and usually tied to a specific stressor. An anxiety disorder involves excessive, persistent worry that is disproportionate to the situation, difficult to control, and significantly impacts daily life."
"What is schizophrenia, and what are its key symptoms?","Schizophrenia is a chronic mental disorder characterized by distortions in thinking, perception, emotions, language, sense of self, and behavior. Key symptoms include hallucinations, delusions, disorganized thinking and speech, and decreased motivation."
"How can I improve my communication skills for healthier relationships?","Improve communication by practicing active listening, expressing your needs and feelings clearly and respectfully, using ""I"" statements, avoiding assumptions, and learning to resolve conflicts constructively."
"What is the concept of self-care, and why is it important?","Self-care involves engaging in activities that maintain or improve your physical, mental, and emotional health. It's important because it helps manage stress, prevent burnout, and promote overall well-being."
"How can I encourage someone to go to therapy if they are resistant?","Gently express your concerns, share specific observations, avoid being judgmental, offer to help them find a therapist, and emphasize that therapy is a tool for strength and growth, not weakness."
"What are the benefits of setting boundaries in friendships?","Setting boundaries in friendships helps maintain respect, prevents feeling overwhelmed or taken advantage of, fosters healthier communication, and ensures that your needs are met while maintaining balance in the relationship."
"How does exercise help with reducing symptoms of depression?","Exercise helps reduce depression symptoms by releasing endorphins (natural mood lifters), improving sleep, reducing inflammatory markers, increasing social interaction if done with others, and providing a sense of accomplishment."
"What are some effective strategies for time management when struggling with motivation?","Break tasks into smaller, manageable steps; use productivity tools like planners or apps; identify your most productive times; eliminate distractions; and practice the ""two-minute rule"" (if it takes less than two minutes, do it now)."
"How can I identify if someone is having suicidal thoughts, and what should I do?","Look for direct or indirect statements about dying, increased withdrawal, hopelessness, sudden calmness after depression, giving away possessions. If you suspect suicidal thoughts, ask directly, listen non-judgmentally, and connect them immediately to professional help."
"What is obsessive-compulsive disorder (OCD), and how is it treated?","OCD is characterized by unwanted, intrusive thoughts (obsessions) that lead to repetitive behaviors or mental acts (compulsions) aimed at reducing anxiety. Treatment often involves Cognitive Behavioral Therapy (specifically Exposure and Response Prevention) and medication."
"How can I practice self-compassion when feeling overwhelmed?","Practice self-compassion by treating yourself with the same kindness you would offer a friend, acknowledging your suffering, and understanding that imperfection is part of the human experience."
"What are the different types of anxiety disorders?","Besides Generalized Anxiety Disorder, other types include Panic Disorder, Social Anxiety Disorder, Specific Phobias, Separation Anxiety Disorder, and Agoraphobia."
"How does trauma affect the brain and mental health?","Trauma can alter brain structure and function, affecting areas involved in fear, memory, and emotion regulation. This can lead to symptoms like flashbacks, hypervigilance, emotional numbness, and difficulty forming relationships."
"What are the pros and cons of using mental health apps?","Pros: accessibility, affordability, anonymity, convenience. Cons: not a substitute for professional help, privacy concerns, varying quality, lack of personalized interaction."
"How can I create a mental health ""toolkit"" for myself?","A mental health toolkit could include journaling, meditation apps, stress balls, comfort items, a list of calming activities, contact info for support, and positive affirmations."
"What are the signs of a healthy therapeutic relationship?","Signs include feeling heard and understood, trust in your therapist, a sense of progress, clear goals, and feeling challenged constructively in a safe environment."
"How can I cope with seasonal affective disorder (SAD)?","Cope with SAD by using a light therapy lamp, spending time outdoors in daylight, regular exercise, maintaining a healthy diet, and considering therapy or medication if symptoms are severe."
"What is imposter syndrome, and how can I overcome it?","Imposter syndrome is the persistent inability to believe that one's success is deserved or legitimately achieved, accompanied by a fear of being exposed as a ""fraud."" Overcome it by acknowledging your feelings, tracking achievements, seeking mentorship, and focusing on contribution rather than perfection."
"How can I manage stress in a high-pressure job?","Manage stress in a high-pressure job by setting clear boundaries between work and personal life, practicing stress-reduction techniques during breaks, delegating tasks, and ensuring you get enough rest."
"What are the benefits of group therapy?","Group therapy offers benefits like shared experiences, reduced feelings of isolation, diverse perspectives, a sense of community, and the opportunity to practice social skills in a supportive environment."
"How can I support someone experiencing a psychotic episode?","Stay calm, speak clearly and gently, avoid arguing or challenging their delusions/hallucinations, ensure their safety, and seek immediate professional help."
"What is the link between gut health and mental health?","The gut-brain axis is a bidirectional communication system. A healthy gut microbiome can influence neurotransmitter production and reduce inflammation, impacting mood and cognitive function."
"How can I build a strong support system for my mental health?","Build a support system by nurturing existing positive relationships, joining support groups or clubs, volunteering, and being open to new connections. Therapy can also help."
"What are some ways to practice emotional regulation?","Practice emotional regulation by identifying and labeling emotions, taking a pause, practicing deep breathing, engaging in calming activities, and challenging unhelpful thought patterns."
"How can I deal with chronic pain and its impact on mental health?","Chronic pain can lead to depression and anxiety. Management involves a multidisciplinary approach: pain management, therapy (CBT), physical therapy, mindfulness, and support groups."
"What are the ethical considerations in mental health care?","Ethical considerations include patient confidentiality, informed consent, therapist competence, avoiding dual relationships, and ensuring non-discrimination."
"How can I differentiate between normal shyness and social anxiety disorder?","Normal shyness is a personality trait that doesn't significantly impair daily life. Social anxiety disorder involves intense fear of social situations, fear of judgment, avoidance, and significant distress or impairment."
"What are the signs of caregiver burnout, and how can it be prevented?","Caregiver burnout signs include exhaustion, resentment, withdrawal, changes in appetite/sleep, and loss of interest. Prevention involves setting boundaries, seeking respite care, joining support groups, and prioritizing self-care."
"How can I use positive affirmations to improve my mental well-being?","Use positive affirmations by choosing statements that resonate with you, repeating them regularly, visualizing their truth, and pairing them with positive actions."
"What is art therapy, and how can it help with mental health?","Art therapy uses creative processes (painting, drawing, sculpting) to explore emotions, reduce stress, improve self-esteem, and manage behaviors. It's especially useful for those who struggle to verbalize feelings."
"How can I help a teenager who is struggling with mental health issues?","Listen without judgment, validate their feelings, encourage open communication, educate yourself about teen mental health, and seek professional help from a child and adolescent therapist or psychiatrist."
"What are some common triggers for anxiety attacks?","Common triggers include stress, caffeine, certain medications, specific phobias, social situations, past trauma, or even feeling overwhelmed."
"How can I improve my body image and self-acceptance?","Improve body image by focusing on what your body can do, practicing self-compassion, unfollowing social media accounts that promote unrealistic ideals, and challenging negative self-talk."
"What is the impact of sleep deprivation on mental health?","Sleep deprivation significantly impairs mental health, leading to irritability, mood swings, difficulty concentrating, increased stress, and exacerbation of existing mental health conditions."
"How can I help someone who is having a panic attack in front of me?","Stay calm, speak in a soothing voice, remind them to breathe slowly, help them find a quiet space, and reassure them that the attack will pass."
"What are the benefits of journaling for mental health?","Journaling can help you process emotions, identify thought patterns, reduce stress, improve problem-solving skills, track progress in therapy, and gain clarity on your feelings and experiences."
"How can I encourage healthy digital habits for better mental well-being?","Encourage healthy digital habits by setting screen time limits, having tech-free zones, avoiding endless scrolling, being mindful of content consumption, and prioritizing in-person interactions."
"What is adjustment disorder, and how is it treated?","Adjustment disorder is a short-term, stress-related condition that occurs after a major life change or stressful event. Treatment typically involves psychotherapy and coping skills training."
"How can I manage feelings of guilt and shame in a healthy way?","Manage guilt and shame by acknowledging the feelings, identifying their source, apologizing if necessary, making amends, learning from mistakes, and practicing self-forgiveness."
"What are the common challenges in accessing mental healthcare?","Challenges include stigma, cost, lack of insurance coverage, shortage of providers, geographical barriers, and difficulty navigating the healthcare system."
"How can pets contribute to positive mental health?","Pets provide companionship, reduce loneliness, encourage physical activity, offer unconditional love, and can lower stress levels through their calming presence."
"What is the difference between sadness and grief?","Sadness is a general emotion. Grief is a profound, multifaceted response to loss, encompassing emotional, physical, cognitive, and spiritual reactions, and often involves a unique grieving process."
"How can I build empathy for others who are struggling with mental illness?","Build empathy by educating yourself, listening to personal stories, challenging stereotypes, and recognizing that mental illness is a complex medical condition."
"What are some practical tips for managing work-life balance?","Practical tips include setting clear work hours, scheduling personal time, learning to say no, delegating tasks, taking regular breaks, and disconnecting from work during off-hours."
"How does exercise impact mood regulation?","Exercise positively impacts mood regulation by increasing neurotransmitters like serotonin and dopamine, reducing cortisol (stress hormone), and providing a sense of accomplishment."
"What are the signs of a codependent relationship, and how can I address it?","Signs include excessive reliance on others for self-worth, difficulty with boundaries, prioritizing others' needs over your own, and fear of abandonment. Addressing it often requires therapy to develop self-reliance and healthy boundaries."
"How can I support someone experiencing psychosis?","Stay calm, speak in a gentle and reassuring tone, avoid arguing, help them stay safe, and encourage them to seek or stick to their professional treatment plan."
"What is somatic therapy, and how does it help with trauma?","Somatic therapy focuses on the body's sensations to address trauma. It helps release trapped energy and promote healing by allowing the body to process and complete physiological responses to trauma."
"How can I use positive self-talk to improve my mental well-being?","Positive self-talk involves replacing negative or critical thoughts with encouraging and realistic ones. It helps reframe challenges, reduce stress, and boost self-esteem."
"What are the different types of mood disorders?","Mood disorders include Major Depressive Disorder, Bipolar Disorder (Type I and II), Cyclothymic Disorder, and Persistent Depressive Disorder (Dysthymia)."
"How can I help a friend who is experiencing suicidal ideation but is hesitant to seek help?","Express your concern directly and calmly, listen without judgment, validate their feelings, and offer to help them find resources or accompany them to an appointment. Emphasize that help is available and they don't have to go through it alone."
"What are the mental health benefits of spending time in nature?","Spending time in nature reduces stress, improves mood, boosts cognitive function, and can alleviate symptoms of depression and anxiety by promoting relaxation and mindfulness."
"How can I deal with perfectionism that negatively impacts my mental health?","Deal with perfectionism by setting realistic standards, embracing mistakes as learning opportunities, practicing self-compassion, focusing on progress over perfection, and challenging all-or-nothing thinking."
"What is the concept of ""burnout"" in the context of mental health?","Burnout is a state of emotional, physical, and mental exhaustion caused by prolonged or excessive stress. It's characterized by cynicism, detachment, and feelings of ineffectiveness, particularly in work or caregiving roles."
"How can I use progressive muscle relaxation to reduce anxiety?","Progressive muscle relaxation involves tensing and then relaxing different muscle groups throughout the body. It helps reduce physical tension associated with anxiety and promotes overall relaxation."
"What are the signs of a healthy romantic relationship from a mental health perspective?","Signs include mutual respect, open communication, trust, support for individual growth, healthy conflict resolution, shared values, and a sense of emotional safety."
"How can I support my child's mental health at school?","Support your child's mental health at school by maintaining open communication, listening to their concerns, collaborating with teachers, addressing bullying, and seeking professional help if needed."
"What are the mental health benefits of creative expression (e.g., painting, music, writing)?","Creative expression provides an outlet for emotions, reduces stress, boosts self-esteem, improves problem-solving skills, and can foster a sense of accomplishment and purpose."
"How can I manage chronic fatigue that affects my mental health?","Managing chronic fatigue involves addressing underlying medical conditions, optimizing sleep, managing stress, pacing activities, and seeking support from healthcare professionals."
"What is a mental health ""toolkit"" for myself, and what should it include?","A mental health toolkit is a personalized collection of resources and strategies to use during difficult times. It might include journaling, meditation apps, stress balls, comfort items, a list of calming activities, contact info for support, and positive affirmations."
"How does gratitude journaling specifically benefit mental health?","Gratitude journaling shifts focus to positive aspects of life, fostering optimism, reducing negative emotions, improving sleep, and strengthening relationships by increasing appreciation."
"What are some strategies for building self-awareness for better mental health?","Strategies include journaling, mindfulness meditation, reflection, seeking feedback from trusted individuals, and paying attention to your thoughts, emotions, and physical sensations."
"How can I help someone who is isolating themselves due to mental health struggles?","Reach out gently, express your concern without judgment, offer practical help (e.g., bringing food), invite them to low-pressure activities, and encourage them to seek professional help."
"What is the impact of financial stress on mental health, and how can I cope?","Financial stress can cause significant anxiety, depression, and hopelessness. Cope by creating a budget, seeking financial advice, reducing unnecessary expenses, and focusing on small, actionable steps."
"How can I use visualization techniques to improve mental well-being?","Visualization involves creating mental images of desired outcomes or calming scenarios. It can help reduce anxiety, boost confidence, and improve performance by training your mind."
"What are the mental health benefits of volunteering or helping others?","Volunteering can boost self-esteem, reduce feelings of isolation, provide a sense of purpose, increase social connections, and improve mood by shifting focus outward."
"How can I manage the emotional impact of social media comparison?","Manage it by recognizing that social media often presents curated highlights, limiting exposure to triggering content, focusing on your own progress, and practicing self-compassion."
"What is Dialectical Behavior Therapy (DBT), and who does it help?","DBT is a type of CBT that helps people regulate emotions, tolerate distress, improve interpersonal relationships, and be more mindful. It's often used for borderline personality disorder and chronic suicidal ideation."
"How can I support someone experiencing anxiety without enabling their avoidance?","Offer support and empathy, but gently encourage them to face their fears in small, manageable steps. Avoid doing things for them that they can do themselves, which might reinforce avoidance."
"What are some common challenges in navigating the mental healthcare system?","Challenges include stigma, cost, lack of insurance coverage, shortage of providers, geographical barriers, and difficulty navigating the healthcare system."
"How does perfectionism contribute to anxiety and depression?","Perfectionism often leads to chronic stress, fear of failure, avoidance, self-criticism, and feelings of inadequacy, all of which contribute to anxiety and depression."
"What is the concept of ""toxic positivity,"" and why can it be harmful?","Toxic positivity is the excessive and ineffective overgeneralization of a happy and optimistic state across all situations. It can be harmful because it dismisses genuine emotions, prevents processing of difficult feelings, and creates pressure to always be ""fine."" "
"How can I use body scans to improve mindfulness and reduce stress?","A body scan involves paying attention to sensations in different parts of your body, without judgment. It helps ground you in the present moment, reduces physical tension, and increases body awareness."
"What are the mental health benefits of spending time with animals?","Spending time with animals can reduce stress, lower blood pressure, alleviate loneliness, and provide a sense of comfort and unconditional affection."
"How can I build stronger social connections for better mental health?","Build stronger social connections by actively participating in groups or communities, reaching out to friends and family, being a good listener, and showing genuine interest in others."
"What is the link between chronic sleep problems and mental health disorders?","Chronic sleep problems are both a symptom and a risk factor for mental health disorders like depression and anxiety. Poor sleep can disrupt brain chemistry and emotional regulation."
"How can I practice effective self-care when I have limited time or resources?","Even with limited time, prioritize small, consistent acts of self-care: a few minutes of deep breathing, a short walk, listening to music, or connecting with a loved one."
"What are the signs of a healthy family dynamic from a mental health perspective?","Signs include open communication, mutual respect, clear boundaries, emotional support, effective conflict resolution, and the ability to adapt to change."
"How can I help someone who is reluctant to open up about their mental health?","Create a safe, non-judgmental space, listen actively, express empathy, avoid pressuring them, and offer practical support without forcing them to share more than they're comfortable with."
"What is the concept of ""languishing"" in mental health, and how can I address it?","Languishing is a state of stagnation, emptiness, and lack of joy, but without the severe symptoms of depression. Address it by finding small wins, engaging in meaningful activities, and seeking connection."
"How does spirituality contribute to coping with mental health challenges?","Spirituality can provide a framework for meaning and purpose, a sense of hope, a supportive community, and practices like prayer or meditation that foster inner peace and resilience."
"What are some strategies for managing test anxiety?","Strategies include preparation, relaxation techniques (deep breathing), positive self-talk, reframing thoughts about the test, and getting adequate sleep before the exam."
"How can I encourage healthy eating habits for better mental health?","Focus on nutrient-dense foods, stay hydrated, limit processed foods and sugar, and be mindful of how certain foods make you feel, aiming for balanced and regular meals."
"What are the mental health benefits of learning a new skill?","Learning a new skill can boost confidence, provide a sense of accomplishment, improve cognitive function, reduce stress, and offer a positive distraction."
"How can I differentiate between normal sadness and clinical depression in a teenager?","Normal sadness in teens is usually transient. Clinical depression involves persistent sadness, irritability, loss of interest, significant changes in behavior, sleep, or appetite, and lasts for weeks or longer."
"What is the impact of chronic stress on the brain and mental health?","Chronic stress can shrink brain regions involved in memory and emotion regulation, increase inflammation, and elevate cortisol levels, contributing to anxiety, depression, and cognitive impairment."
"How can I use expressive writing to process difficult emotions?","Expressive writing involves writing freely about your thoughts and feelings without worrying about grammar or structure. It helps organize thoughts, gain perspective, and reduce emotional distress."
"What are the signs that someone is experiencing an emotional flashback related to trauma?","Signs include feeling suddenly overwhelmed by intense emotions (fear, shame, rage) that don't match the current situation, feeling like you're reliving a past event, and difficulty staying present."
"How can I improve my financial well-being to reduce mental stress?","Improve financial well-being by creating a budget, tracking spending, building an emergency fund, reducing debt, and seeking professional financial advice."
"What is the concept of ""toxic productivity,"" and how does it affect mental health?","Toxic productivity is an unhealthy obsession with always being productive, often driven by societal pressure or fear of not being ""enough."" It leads to burnout, stress, guilt, and neglecting self-care."
"How can I use grounding techniques to manage overwhelming emotions?","Grounding techniques help you connect to the present moment. Examples include focusing on your five senses, naming objects around you, doing a quick physical activity, or holding an ice cube."
"What are the mental health benefits of practicing forgiveness?","Practicing forgiveness (of self or others) can reduce anger, resentment, and stress, improve relationships, and promote a sense of peace and emotional freedom."
"How can I support a family member who has been diagnosed with a severe mental illness?","Educate yourself about their condition, encourage treatment adherence, offer practical support, practice patience, set healthy boundaries, and join support groups for families."
"What is the difference between mental health and mental illness?","Mental health refers to our overall emotional, psychological, and social well-being. Mental illness refers to diagnosable conditions that affect a person's thinking, feeling, mood, or behavior."
"How can I cope with feelings of hopelessness and helplessness?","Cope by breaking down problems, seeking support, engaging in small achievable activities, focusing on what you *can* control, and remembering that feelings are temporary. Professional help is essential if these feelings are persistent."
"What are the warning signs of an unhealthy relationship dynamics?","Warning signs include control, manipulation, disrespect, lack of trust, constant criticism, isolation from friends/family, and emotional or physical abuse."
"How can I use deep breathing exercises to calm anxiety?","Deep breathing (diaphragmatic breathing) involves slow, deep breaths that engage the diaphragm. It activates the parasympathetic nervous system, promoting relaxation and reducing heart rate and blood pressure."
"What are the benefits of volunteering in the mental health field?","Volunteering in the mental health field can provide valuable experience, foster empathy, reduce stigma, and offer a sense of purpose and contribution to a meaningful cause."
"How can I manage anticipatory anxiety about future events?","Manage anticipatory anxiety by identifying specific worries, challenging negative predictions, practicing relaxation techniques, focusing on the present, and developing a plan for the event if possible."
"What is ""compassion fatigue,"" and how can caregivers prevent it?","Compassion fatigue is emotional and physical exhaustion experienced by those who care for others. Prevention involves self-care, setting boundaries, debriefing, seeking supervision, and finding healthy outlets."
"How can I use humor to improve my mental well-being?","Humor can reduce stress, improve mood, provide perspective, and strengthen social connections. It's a coping mechanism that helps reframe challenges."
"What are the signs of a good work-life balance?","Signs include feeling energized, having enough time for personal activities, maintaining healthy relationships outside of work, experiencing less stress, and feeling fulfilled in both work and personal life."
"How does nutrition specifically affect brain function and mental health?","Good nutrition provides essential nutrients for neurotransmitter production, brain structure, and energy. Deficiencies can impair cognitive function, mood, and increase risk of mental health issues."
"What are some strategies for building confidence in social situations?","Strategies include starting small, practicing eye contact, initiating brief conversations, focusing on others, and challenging self-critical thoughts before and during interactions."
"How can I help a friend who is experiencing a manic episode?","Stay calm, speak in a gentle and reassuring tone, avoid arguing, help them stay safe, and encourage them to seek or stick to their professional treatment plan."
"What is solution-focused brief therapy (SFBT), and how does it differ from traditional therapy?","SFBT focuses on identifying solutions and building on existing strengths rather than dwelling on problems. It's typically shorter-term and more goal-oriented than traditional insight-based therapies."
"How can I use creative visualization to reduce stress and anxiety?","Creative visualization involves forming positive mental images of a desired outcome or a peaceful scene. It can help calm the nervous system and promote a sense of well-being."
"What are the mental health benefits of engaging in community activities?","Community activities foster a sense of belonging, reduce isolation, provide social support, increase self-esteem, and offer opportunities for personal growth and contribution."
"How can I cope with feelings of worthlessness and self-blame?","Cope by challenging negative self-talk, practicing self-compassion, focusing on your strengths, seeking support from trusted individuals or a therapist, and engaging in activities that bring a sense of accomplishment."
"What are the ethical responsibilities of a mental health professional?","Responsibilities include maintaining confidentiality, acting in the client's best interest, respecting autonomy, ensuring competence, and avoiding harm."
"How can I support a veteran or active military member struggling with PTSD?","Listen empathetically, avoid judgment, educate yourself about PTSD, encourage professional help, and connect them with veteran-specific support resources."
"What is cognitive reframing, and how can it help with anxiety?","Cognitive reframing is a technique to change the way you look at a situation, thought, or emotion. For anxiety, it helps you replace unhelpful or negative thought patterns with more realistic and positive ones."
"How can I identify if my child is experiencing an eating disorder, beyond just picky eating?","Look for extreme concern about weight/shape, secretive eating, excessive exercise, fear of certain foods, drastic changes in diet or weight, and body image distortion."
"What is the role of humor in therapy and mental health recovery?","Humor can build rapport in therapy, reduce tension, provide a sense of perspective, and make challenging situations feel more manageable, acting as a healthy coping mechanism."
"How can I manage my emotions more effectively in challenging situations?","Practice emotional regulation by identifying your emotions, understanding their triggers, using relaxation techniques, challenging unhelpful thoughts, and seeking constructive outlets for expression."
"What are the mental health benefits of regularly practicing gratitude daily?","Daily gratitude practice can increase positive emotions, improve satisfaction with life, enhance sleep quality, strengthen relationships, and reduce feelings of envy and resentment."
"How does social comparison affect mental health, and how can I mitigate it?","Social comparison (especially upward comparison on social media) can lead to feelings of inadequacy, envy, and low self-esteem. Mitigate it by limiting exposure, focusing on your own journey, and practicing self-acceptance."
"What are the signs of a good peer support system for mental health?","Signs include mutual respect, empathy, non-judgmental listening, shared experiences, a sense of belonging, and the ability to offer and receive support."
"How can I cope with feelings of emptiness or numbness?","Cope by engaging in meaningful activities, connecting with others, practicing mindfulness to reconnect with sensations, and seeking therapy to explore underlying causes."
"What is the concept of ""emotional intelligence,"" and why is it important for mental health?","Emotional intelligence is the ability to understand and manage one's own emotions, and to understand and influence the emotions of others. It's crucial for healthy relationships, stress management, and overall well-being."
"How can I use nature walks to improve my mental well-being?","Nature walks reduce stress, improve mood, increase cognitive function, and offer opportunities for mindfulness and connection with the environment."
"What are the mental health benefits of healthy boundaries in family relationships?","Healthy boundaries foster respect, prevent resentment, protect personal space and energy, and allow for healthier communication and relationships."
"How does exercise influence neurochemicals related to mood?","Exercise positively impacts mood regulation by increasing neurotransmitters like serotonin and dopamine, reducing cortisol (stress hormone), and providing a sense of accomplishment."
"What are some common forms of self-sabotage in mental health, and how can I break the cycle?","Common forms include procrastination, negative self-talk, avoiding challenges, and pushing people away. Break the cycle by recognizing patterns, practicing self-compassion, and taking small, actionable steps."
"How can I support someone going through a breakup or relationship loss?","Listen empathetically, validate their feelings, encourage healthy coping mechanisms, help them maintain routines, and gently remind them of their self-worth."
"What is expressive arts therapy, and what modalities does it use?","Expressive arts therapy uses various art forms (visual arts, dance, music, drama, writing) to help individuals explore emotions, reduce stress, and promote personal growth."
"How can I manage the impact of current events or news on my mental health?","Manage it by limiting news consumption, choosing reliable sources, focusing on actionable steps if possible, and maintaining self-care routines."
"What are the mental health benefits of pet ownership beyond companionship?","Beyond companionship, pets can reduce stress, lower blood pressure, provide structure, encourage physical activity, and offer a sense of purpose and responsibility."
"How can I use diaphragmatic breathing to reduce immediate anxiety?","Diaphragmatic breathing involves breathing deeply into your belly. It calms the nervous system, reduces heart rate, and helps alleviate acute anxiety symptoms quickly."
"What is the concept of ""resilience,"" and how can I build it in daily life?","Resilience is the ability to bounce back from adversity. Build it by practicing self-care, building strong relationships, learning from challenges, maintaining a positive outlook, and seeking support."
"How can I identify if I am experiencing compassion fatigue, and what steps should I take?","Identify compassion fatigue by symptoms like chronic exhaustion, irritability, emotional numbness, and difficulty empathizing. Take steps like setting boundaries, prioritizing self-care, seeking supervision, and connecting with peers."
"What are the mental health benefits of maintaining a consistent sleep schedule?","A consistent sleep schedule improves mood regulation, cognitive function, energy levels, and reduces the risk of developing or exacerbating mental health disorders."
"How can I overcome the fear of judgment in social situations?","Overcome fear of judgment by challenging negative thoughts, gradually exposing yourself to social situations, focusing on others, and practicing self-compassion."
"What are the different approaches to trauma-informed care?","Trauma-informed care recognizes the widespread impact of trauma and integrates knowledge about trauma into policies, procedures, and practices. Approaches prioritize safety, trustworthiness, peer support, collaboration, empowerment, and cultural sensitivity."
"How can I build stronger social connections for better emotional well-being?","Build stronger connections by actively engaging in communities, initiating conversations, showing genuine interest in others, being vulnerable, and offering support to those around you."
"What are some common warning signs of depression in adults?","Common signs include persistent sadness, loss of interest in activities, fatigue, changes in sleep/appetite, feelings of worthlessness, difficulty concentrating, and thoughts of self-harm."
"How does exposure therapy work for anxiety disorders?","Exposure therapy involves gradually exposing an individual to feared objects or situations in a safe environment to help them overcome their anxiety responses."
"What are the mental health benefits of a balanced diet?","A balanced diet provides essential nutrients for brain function, stabilizes blood sugar, and supports overall physiological processes that contribute to stable mood and cognitive health."
"How can I use mindfulness to improve my eating habits and relationship with food?","Mindfulness in eating involves paying full attention to the experience of eating, including flavors, textures, and hunger/satiety cues. It helps develop a healthier, more conscious relationship with food."
"What are the signs of a mental health professional who is a good fit for me?","Signs include feeling comfortable, heard, and respected; having clear goals for therapy; feeling challenged constructively; and seeing some progress over time."
"How can I manage the emotional impact of news and current events responsibly?","Limit news consumption, seek information from diverse and reliable sources, avoid sensationalized content, and focus on what you can control or contribute to."
"What are the mental health benefits of journaling specifically for managing stress?","Journaling for stress management helps you organize thoughts, identify stressors, process emotions, gain perspective, and track coping strategies that work."
"How can I support a loved one who is reluctant to seek professional help for their mental health?","Express your concern calmly, validate their feelings, share information about resources, offer practical support (e.g., help finding a therapist), and emphasize that it's a sign of strength to seek help."
"What is the impact of chronic loneliness on physical and mental health?","Chronic loneliness can lead to increased risk of depression, anxiety, cardiovascular disease, impaired immune function, and cognitive decline."
"How can I use positive affirmations to build self-compassion?","Positive affirmations for self-compassion involve repeating kind, understanding, and validating statements to yourself, especially during difficult times."
"What are the common benefits of engaging in hobbies for overall mental health?","Hobbies provide stress relief, a sense of accomplishment, opportunities for flow states, social connection (if group-based), and a healthy distraction from worries."
"How does gratitude specifically impact resilience and well-being?","Gratitude fosters resilience by helping individuals focus on resources and positive aspects, even during adversity, thereby increasing overall well-being and life satisfaction."
"What are the mental health benefits of developing a strong sense of purpose?","A strong sense of purpose provides direction, motivation, meaning, and can buffer against stress and feelings of hopelessness, contributing to greater life satisfaction."
"How can I manage symptoms of panic attacks through self-help techniques?","Self-help for panic attacks includes deep breathing, grounding exercises (5-4-3-2-1 method), reminding yourself it's temporary, and challenging catastrophic thoughts."
"What is a mental health crisis plan, and why is it important?","A mental health crisis plan outlines steps to take when mental health symptoms escalate. It's important for ensuring safety, getting timely help, and guiding support people during a crisis."
"How can I support a friend who is experiencing a depressive episode?","Listen without judgment, offer practical help (e.g., prepare a meal), encourage small activities, validate their feelings, and gently suggest seeking or continuing professional help."
"What are the mental health benefits of spending time in nature beyond just stress reduction?","Beyond stress reduction, nature exposure improves mood, increases cognitive function, enhances creativity, and fosters a sense of connection and awe."
"How does psychotherapy help individuals develop coping mechanisms?","Psychotherapy helps by teaching specific coping skills, exploring underlying emotional patterns, providing a safe space to practice new behaviors, and offering alternative perspectives."
"What is the role of spirituality in addiction recovery?","For many, spirituality provides a framework for recovery, offering hope, community, purpose, and practices (like meditation or prayer) that support sobriety and personal growth."
"How can I use guided imagery to manage anxiety and promote relaxation?","Guided imagery involves listening to descriptions that evoke calm and peaceful mental pictures. It helps distract from anxious thoughts and promotes physiological relaxation."
"What are the mental health benefits of engaging in creative writing or poetry?","Creative writing offers an outlet for emotions, helps process experiences, improves self-expression, reduces stress, and can provide a sense of accomplishment and clarity."
"How can I manage feelings of envy or jealousy that affect my mental health?","Manage envy/jealousy by acknowledging the feelings without judgment, practicing gratitude for what you have, focusing on your own goals, and celebrating others' successes."
"What are the mental health benefits of setting clear personal values?","Setting clear personal values provides a compass for decision-making, increases authenticity, reduces internal conflict, and contributes to a sense of purpose and fulfillment."
"How can I support someone experiencing a psychotic episode while ensuring my own safety?","Prioritize your safety first. Remain calm, avoid arguments, express empathy, gently guide them to professional help, and remove any dangerous objects."
"What is the concept of ""flow state,"" and how does it relate to mental well-being?","A flow state is a state of complete absorption in an activity, characterized by intense focus, timelessness, and enjoyment. Achieving flow can boost mood, reduce stress, and increase feelings of competence."
"How can I develop healthier coping strategies for stress than unhealthy ones (e.g., emotional eating)?","Identify triggers for unhealthy coping, explore alternative healthy strategies (exercise, journaling), practice mindfulness, and seek support to replace old patterns with new ones."
"What are the mental health benefits of building strong self-esteem?","Strong self-esteem leads to greater confidence, resilience, healthier relationships, reduced anxiety and depression, and a greater willingness to take healthy risks."
"How can I use progressive muscle relaxation to fall asleep faster and improve sleep quality?","By systematically tensing and relaxing muscle groups, PMR helps release physical tension, calm the mind, and prepare the body for sleep, leading to faster onset and deeper rest."
"What is the impact of chronic pain on mental health, and how can integrated care help?","Chronic pain often leads to depression, anxiety, and stress due to its persistent nature and impact on daily life. Integrated care (combining pain management with mental health support) addresses both aspects holistically."
"How can I build stronger social connections for improved mental health, especially if I'm introverted?","Introverts can build strong connections through quality over quantity: focusing on deeper conversations with a few trusted individuals, joining smaller groups with shared interests, and online communities."
"What are the mental health benefits of engaging in mindful movement practices (e.g., yoga, tai chi)?","Mindful movement integrates physical activity with present-moment awareness, reducing stress, improving flexibility, enhancing body awareness, and fostering emotional regulation."
"How can I help a friend who is talking about self-harm, even if they say they are ""just venting""?","Take all self-harm talk seriously. Express concern, listen, ask if they have a plan, and connect them immediately to crisis resources or mental health professionals. Don't dismiss their feelings."
"What are the ethical considerations when discussing someone else's mental health?","Maintain confidentiality, avoid gossip, respect their privacy, don't diagnose, and encourage them to seek professional help rather than offering unqualified advice."
"How can I manage feelings of inadequacy and self-doubt in my professional life?","Manage inadequacy by focusing on effort over outcome, celebrating small wins, seeking constructive feedback, practicing self-compassion, and recognizing that everyone has challenges."
"What are the benefits of engaging in community service for mental well-being?","Community service provides a sense of purpose, increases social connection, reduces feelings of isolation, boosts self-esteem, and shifts focus from personal problems to helping others."
"How can I use expressive arts (music, dance) to process emotions and reduce stress?","Music can evoke and process emotions, dance can release physical tension and express feelings, and both provide a non-verbal outlet for stress reduction and self-discovery."
"What are the mental health benefits of regularly practicing gratitude, beyond just feeling good?","Regular gratitude practice can lead to increased optimism, improved physical health, stronger relationships, and a greater sense of life satisfaction over time."
"How can I identify if I am being a good support system for a friend with mental health issues?","You're a good support system if you listen non-judgmentally, offer practical help, respect their boundaries, encourage professional help, and prioritize your own well-being."
"What is the impact of nature exposure on stress hormones and brain activity?","Nature exposure lowers cortisol (stress hormone) levels, reduces activity in brain areas associated with rumination, and increases activity in areas related to calm and positive emotion."
"How can I build a healthier relationship with technology for better mental health?","Set boundaries for tech use, create tech-free zones/times, be mindful of content, prioritize in-person interactions, and use technology intentionally for connection or learning rather than passive consumption."
"What are the mental health benefits of cultivating optimism and hope?","Optimism and hope contribute to greater resilience, better coping skills, improved physical health, and increased motivation to pursue goals and overcome challenges."
"How can I support someone experiencing a panic attack in a public place?","Find a quiet space, offer a water bottle, guide their breathing, reassure them it will pass, and help them feel grounded by focusing on immediate surroundings."
"What are the mental health benefits of engaging in meaningful leisure activities?","Meaningful leisure activities provide relaxation, stress reduction, a sense of accomplishment, opportunities for social connection, and a break from daily pressures."
"How does attachment style influence mental health and relationships?","Attachment styles (secure, anxious, avoidant, disorganized) formed in early childhood can influence how individuals form and maintain relationships, cope with stress, and regulate emotions, impacting mental health."
"What is the concept of ""self-talk,"" and how can I make it more positive?","Self-talk is the internal dialogue you have with yourself. Make it more positive by identifying negative patterns, challenging irrational thoughts, and replacing them with compassionate and realistic affirmations."
"How can I manage anticipatory grief when a loved one has a terminal illness?","Manage anticipatory grief by allowing yourself to feel emotions, communicating openly with your loved one, seeking support from others, cherishing moments, and considering grief counseling."
"What are the mental health benefits of having a diverse social circle?","A diverse social circle provides varied perspectives, exposes you to new ideas, broadens your understanding, and enriches your life experience, contributing to intellectual and emotional growth."
"How can I encourage open communication about mental health within my family?","Lead by example by sharing your own feelings (appropriately), create a safe space for others to share, listen without judgment, validate emotions, and educate family members about mental health."
"What is the concept of ""learned helplessness,"" and how can I overcome it?","Learned helplessness is a state where an individual feels unable to avoid pain or control outcomes, even when opportunities for change exist, due to repeated negative experiences. Overcome it by focusing on small, achievable steps, recognizing agency, and seeking therapy."
"How can I use progressive muscle relaxation to reduce general anxiety in daily life?","Practice PMR regularly to become aware of muscle tension and to actively release it. This can reduce overall anxiety and help you feel more relaxed and in control throughout the day."
"What are the mental health benefits of engaging in acts of kindness?","Acts of kindness release feel-good chemicals, boost mood, foster a sense of connection, increase self-esteem, and create a positive feedback loop that benefits both giver and receiver."
"How can I manage the emotional impact of social comparison related to career or achievements?","Focus on your unique path and progress, celebrate your own milestones, avoid comparing your journey to others' highlights, and remember success is defined individually."
"What are the benefits of pursuing a passion or hobby for mental health?","Pursuing a passion provides a sense of purpose, boosts creativity, reduces stress, offers a healthy escape, and can lead to a state of ""flow,"" improving overall well-being."
"How can I recognize the signs of a panic attack versus other anxiety symptoms?","Panic attacks are sudden, intense episodes of fear with severe physical symptoms (racing heart, shortness of breath, dizziness) that peak quickly. Other anxiety symptoms are more sustained and less acute."
"What are the mental health benefits of forgiveness towards others who have wronged you?","Forgiveness can reduce resentment, anger, and stress, improve emotional well-being, and free you from being emotionally tied to past hurts. It does not mean condoning behavior."
"How can I support someone with a chronic mental illness who is struggling with treatment adherence?","Understand their reasons for non-adherence, offer gentle encouragement, help them problem-solve barriers, accompany them to appointments, and work with their healthcare team."
"What is mindfulness-based stress reduction (MBSR), and how can it help with chronic stress?","MBSR is an 8-week program using meditation, yoga, and inquiry to teach mindfulness. It helps chronic stress by increasing awareness of thoughts/feelings, promoting non-judgmental acceptance, and building coping skills."
"How can I use expressive arts therapy to process grief and loss?","Expressive arts offer a non-verbal outlet for complex emotions associated with grief. Art, music, or movement can help individuals externalize feelings, find meaning, and integrate loss into their lives."
"What are the mental health benefits of setting realistic goals?","Setting realistic goals reduces pressure, prevents burnout, fosters a sense of accomplishment, and allows for consistent progress, boosting motivation and self-esteem."
"How can I manage the impact of financial instability on my mental health?","Acknowledge the stress, create a detailed financial plan, seek professional advice, explore community resources, and focus on small, actionable steps to regain control."
"What are the signs of healthy boundaries in family relationships?","Clear communication of needs, mutual respect for individual space and decisions, ability to say no without guilt, and a balance of giving and receiving."
"How does resilience contribute to bouncing back from mental health setbacks?","Resilience allows individuals to adapt to adversity, learn from challenging experiences, maintain a positive outlook, and seek support, enabling them to recover more effectively from setbacks."
"What are the mental health benefits of developing a positive body image?","A positive body image contributes to higher self-esteem, reduced anxiety about appearance, healthier eating and exercise habits, and a greater overall sense of well-being."
"How can I use guided meditation to improve sleep and reduce anxiety?","Guided meditation provides calming narratives and instructions for relaxation, helping to quiet the mind, reduce physiological arousal, and prepare the body for restful sleep."
"What are some common challenges individuals face when seeking mental health support for the first time?","Challenges include overcoming stigma, finding the right provider, understanding costs and insurance, and feeling vulnerable about opening up to a stranger."
"How can I build stronger social bonds if I have social anxiety?","Start with small steps: practice eye contact, initiate brief conversations, join a low-pressure group, and gradually increase exposure. Therapy can provide structured support."
"What is the mental health impact of chronic loneliness, and how can it be addressed?","Chronic loneliness can lead to depression, anxiety, stress, and even physical health problems. Address it by actively seeking social connections, joining groups, volunteering, and building new relationships."
"How can I foster a more positive mindset when dealing with negative self-talk?","Challenge negative thoughts, identify cognitive distortions, practice self-compassion, use positive affirmations, and focus on solutions rather than problems."
"What are the mental health benefits of connecting with nature through activities like gardening or hiking?","Gardening and hiking reduce stress, improve mood, increase physical activity, offer a sense of accomplishment, and provide opportunities for mindfulness and connection with the environment."
"How can I effectively manage stress in a busy and demanding lifestyle?","Prioritize tasks, delegate when possible, set boundaries, practice time management, schedule regular breaks, and incorporate stress-reduction techniques into your daily routine."
"What are the mental health benefits of learning and practicing mindfulness daily?","Daily mindfulness practice reduces stress, improves emotional regulation, increases self-awareness, enhances focus, and cultivates a greater sense of calm and presence."
"How can I support a family member with obsessive-compulsive disorder (OCD)?","Educate yourself about OCD, encourage treatment adherence, avoid enabling compulsions, focus on positive reinforcement, and practice patience and understanding."
"What is the concept of ""self-compassion,"" and how does it differ from self-esteem?","Self-compassion is treating oneself with kindness and understanding during times of suffering or perceived inadequacy. It differs from self-esteem in that it's not based on external achievements or comparisons."
"How can I use gratitude practice to improve my relationships?","Expressing gratitude to others strengthens bonds, increases positive emotions, and fosters a sense of appreciation and connection within relationships."
"What are the ethical considerations when a mental health professional encounters a dual relationship?","Dual relationships (e.g., therapist also being a friend or business partner) can create conflicts of interest and impair objectivity. Ethical guidelines generally advise against them due to potential harm to the client."
"How can I build emotional resilience after experiencing a traumatic event?","Build emotional resilience by seeking professional therapy (e.g., trauma-informed CBT, EMDR), building a strong support system, practicing self-care, and engaging in activities that bring meaning."
"What is the role of humor in coping with anxiety and depression?","Humor can provide a temporary escape, reduce tension, shift perspective, and make challenging situations feel more manageable, acting as a healthy coping mechanism."
"How can I manage chronic stress to prevent burnout and mental health decline?","Manage chronic stress through regular exercise, balanced nutrition, sufficient sleep, mindfulness, setting boundaries, social support, and seeking professional help if needed."
"What are the mental health benefits of engaging in physical activities that you enjoy?","Engaging in enjoyable physical activities increases adherence, releases endorphins, reduces stress, improves mood, and provides a sense of accomplishment and fun, contributing to overall well-being."
"How can I use cognitive behavioral therapy (CBT) techniques in my daily life for anxiety management?","CBT techniques include identifying negative thought patterns, challenging irrational beliefs, practicing relaxation, and gradually exposing yourself to feared situations."
"What are the mental health benefits of a strong support network beyond just friends and family?","A strong support network can include colleagues, community groups, online forums, and mentors, providing diverse perspectives, resources, and a sense of belonging beyond immediate circles."
"How can I differentiate between normal mood swings and bipolar disorder?","Normal mood swings are typically reactions to life events and are less extreme or prolonged. Bipolar disorder involves distinct episodes of elevated mood (mania/hypomania) and depressed mood that significantly impact functioning."
"What are the mental health benefits of active listening in conversations?","Active listening improves communication, strengthens relationships, fosters empathy, reduces misunderstandings, and makes others feel heard and valued, contributing to overall emotional connection."
"How can I support someone experiencing hallucinations or delusions responsibly?","Stay calm, don't argue with their reality, express empathy for their distress, ensure their safety, and encourage immediate professional help."
"What is the impact of negative self-talk on mental health, and how can I challenge it?","Negative self-talk erodes self-esteem, increases anxiety and depression, and can be self-fulfilling. Challenge it by recognizing the thought, questioning its validity, and replacing it with a more balanced perspective."
"How can I use expressive writing as a tool for emotional processing and healing?","Expressive writing allows you to freely explore emotions and experiences on paper, providing an outlet for catharsis, gaining insights, and promoting emotional healing."
"What are the mental health benefits of prioritizing self-care in a busy schedule?","Prioritizing self-care prevents burnout, reduces stress, boosts energy, improves focus, and enhances overall mental and physical well-being, making you more effective in other areas of life."
